1,magicHolidays,testuser@email.com,0000,TRAVEL_AGENCY
2,roberto,roberto_io@email.com,0000,SIMPLE_USER
3,paperino,paperino@papermail.com,0000,SIMPLE_USER
4,testUser,test_user@email.com,0000,SIMPLE_USER
5,holidayHero,holidayhero@email.com,0000,TRAVEL_AGENCY
6,pippo,pippo@email.com,0000,SIMPLE_USER